subject,open_rate,style,tone
Join Our Webinar: Advanced Data Analytics Techniques,42.67,tentative,informative
Tips for Enhancing Your Productivity,47.05,analytical,informative
Can We Improve Your Experience?,22.12,confident,friendly
Can We Improve Your Experience?,45.53,tentative,friendly
Discover the Benefits of Our Premium Plan,27.82,tentative,friendly
Explore New Career Opportunities Today,35.55,tentative,informative
Join Our Webinar: Advanced Data Analytics Techniques,52.31,tentative,informative
Your Weekly Newsletter: Top Industry Insights,53.2,tentative,persuasive
Important Update Regarding Your Account,33.53,confident,persuasive
Tips for Enhancing Your Productivity,26.01,analytical,friendly
Join Our Webinar: Advanced Data Analytics Techniques,45.01,analytical,informative
Discover the Benefits of Our Premium Plan,27.98,confident,informative
Your Weekly Newsletter: Top Industry Insights,23.19,confident,friendly
Discover the Benefits of Our Premium Plan,22.22,analytical,informative
Can We Improve Your Experience?,34.45,analytical,informative
Your Weekly Newsletter: Top Industry Insights,35.11,tentative,informative
Special Invitation: VIP Event Just for You,26.42,tentative,persuasive
Can We Improve Your Experience?,53.36,tentative,friendly
Your Weekly Newsletter: Top Industry Insights,54.08,confident,informative
Special Invitation: VIP Event Just for You,35.33,confident,persuasive
Explore New Career Opportunities Today,33.8,confident,informative
Your Weekly Newsletter: Top Industry Insights,39.55,confident,informative
Explore New Career Opportunities Today,55.36,tentative,informative
Can We Improve Your Experience?,48.32,tentative,persuasive
Special Invitation: VIP Event Just for You,38.94,tentative,persuasive
Discover the Benefits of Our Premium Plan,49.5,confident,friendly
Can We Improve Your Experience?,42.76,tentative,persuasive
Last Chance to Save 50% on Your Favorite Items!,34.5,analytical,persuasive
Explore New Career Opportunities Today,45.63,tentative,persuasive
Your Weekly Newsletter: Top Industry Insights,21.6,tentative,friendly
Unlock Your Potential with Our Latest Course!,24.01,tentative,informative
Discover the Benefits of Our Premium Plan,50.18,analytical,informative
Your Weekly Newsletter: Top Industry Insights,32.63,analytical,persuasive
Unlock Your Potential with Our Latest Course!,58.18,tentative,informative
Special Invitation: VIP Event Just for You,58.71,tentative,friendly
Your Weekly Newsletter: Top Industry Insights,38.65,analytical,persuasive
Explore New Career Opportunities Today,45.92,tentative,informative
Join Our Webinar: Advanced Data Analytics Techniques,24.56,tentative,friendly
Discover the Benefits of Our Premium Plan,31.63,tentative,friendly
Can We Improve Your Experience?,48.88,analytical,persuasive
Important Update Regarding Your Account,21.39,tentative,persuasive
Special Invitation: VIP Event Just for You,49.35,confident,friendly
Unlock Your Potential with Our Latest Course!,25.67,confident,persuasive
Important Update Regarding Your Account,39.07,confident,persuasive
Last Chance to Save 50% on Your Favorite Items!,56.95,tentative,informative
Join Our Webinar: Advanced Data Analytics Techniques,38.42,confident,informative
Last Chance to Save 50% on Your Favorite Items!,21.4,confident,informative
Tips for Enhancing Your Productivity,25.69,analytical,friendly
Unlock Your Potential with Our Latest Course!,30.06,analytical,persuasive
Unlock Your Potential with Our Latest Course!,22.67,confident,informative
Join Our Webinar: Advanced Data Analytics Techniques,20.81,confident,informative
Your Weekly Newsletter: Top Industry Insights,57.15,tentative,persuasive
Special Invitation: VIP Event Just for You,56.25,analytical,informative
Join Our Webinar: Advanced Data Analytics Techniques,30.43,analytical,informative
Your Weekly Newsletter: Top Industry Insights,24.92,analytical,friendly
Explore New Career Opportunities Today,54.49,confident,persuasive
Tips for Enhancing Your Productivity,59.66,tentative,persuasive
Join Our Webinar: Advanced Data Analytics Techniques,55.19,analytical,friendly
Tips for Enhancing Your Productivity,52.97,tentative,persuasive
Tips for Enhancing Your Productivity,49.2,tentative,persuasive
Last Chance to Save 50% on Your Favorite Items!,24.23,tentative,persuasive
Your Weekly Newsletter: Top Industry Insights,53.23,tentative,persuasive
Your Weekly Newsletter: Top Industry Insights,38.39,analytical,persuasive
Unlock Your Potential with Our Latest Course!,43.4,analytical,friendly
Can We Improve Your Experience?,36.52,confident,informative
Discover the Benefits of Our Premium Plan,30.93,analytical,informative
Your Weekly Newsletter: Top Industry Insights,34.69,tentative,informative
Discover the Benefits of Our Premium Plan,57.51,tentative,persuasive
Discover the Benefits of Our Premium Plan,50.81,analytical,informative
Join Our Webinar: Advanced Data Analytics Techniques,59.73,analytical,friendly
Explore New Career Opportunities Today,40.35,confident,friendly
Discover the Benefits of Our Premium Plan,26.04,tentative,persuasive
Explore New Career Opportunities Today,51.4,tentative,informative
Unlock Your Potential with Our Latest Course!,45.93,tentative,persuasive
Discover the Benefits of Our Premium Plan,43.07,tentative,informative
Your Weekly Newsletter: Top Industry Insights,45.17,confident,informative
Tips for Enhancing Your Productivity,21.9,analytical,friendly
Important Update Regarding Your Account,55.84,tentative,informative
Join Our Webinar: Advanced Data Analytics Techniques,22.58,confident,persuasive
Tips for Enhancing Your Productivity,47.25,tentative,persuasive
Tips for Enhancing Your Productivity,31.42,confident,friendly
Special Invitation: VIP Event Just for You,45.7,confident,persuasive
Tips for Enhancing Your Productivity,21.21,analytical,friendly
Discover the Benefits of Our Premium Plan,26.32,analytical,persuasive
Unlock Your Potential with Our Latest Course!,44.32,tentative,informative
Discover the Benefits of Our Premium Plan,37.99,analytical,friendly
Unlock Your Potential with Our Latest Course!,24.2,tentative,friendly
Tips for Enhancing Your Productivity,37.48,confident,informative
Discover the Benefits of Our Premium Plan,33.77,confident,persuasive
Discover the Benefits of Our Premium Plan,50.53,analytical,persuasive
Discover the Benefits of Our Premium Plan,53.62,confident,informative
Special Invitation: VIP Event Just for You,54.97,tentative,persuasive
Can We Improve Your Experience?,24.87,confident,friendly
Unlock Your Potential with Our Latest Course!,31.73,tentative,persuasive
Discover the Benefits of Our Premium Plan,24.08,tentative,friendly
Your Weekly Newsletter: Top Industry Insights,55.45,analytical,friendly
Tips for Enhancing Your Productivity,55.58,analytical,friendly
Important Update Regarding Your Account,41.24,confident,persuasive
Join Our Webinar: Advanced Data Analytics Techniques,28.48,tentative,informative
Unlock Your Potential with Our Latest Course!,41.54,confident,informative
Important Update Regarding Your Account,21.46,confident,persuasive
Your Weekly Newsletter: Top Industry Insights,21.2,analytical,friendly
Special Invitation: VIP Event Just for You,44.93,confident,persuasive
Explore New Career Opportunities Today,39.57,analytical,persuasive
Tips for Enhancing Your Productivity,29.93,confident,informative
Special Invitation: VIP Event Just for You,38.39,analytical,friendly
Last Chance to Save 50% on Your Favorite Items!,35.27,analytical,persuasive
Discover the Benefits of Our Premium Plan,49.96,analytical,persuasive
Your Weekly Newsletter: Top Industry Insights,36.49,analytical,friendly
Explore New Career Opportunities Today,38.16,tentative,informative
Can We Improve Your Experience?,21.13,tentative,persuasive
Can We Improve Your Experience?,30.4,confident,informative
Join Our Webinar: Advanced Data Analytics Techniques,23.61,tentative,informative
Join Our Webinar: Advanced Data Analytics Techniques,28.61,tentative,informative
Discover the Benefits of Our Premium Plan,50.17,tentative,informative
Special Invitation: VIP Event Just for You,43.83,confident,informative
Join Our Webinar: Advanced Data Analytics Techniques,56.36,analytical,informative
Join Our Webinar: Advanced Data Analytics Techniques,51.19,analytical,friendly
Discover the Benefits of Our Premium Plan,33.44,confident,persuasive
Special Invitation: VIP Event Just for You,30.06,analytical,persuasive
Unlock Your Potential with Our Latest Course!,58.08,confident,informative
Last Chance to Save 50% on Your Favorite Items!,41.05,analytical,persuasive
Your Weekly Newsletter: Top Industry Insights,56.99,analytical,persuasive
Join Our Webinar: Advanced Data Analytics Techniques,43.72,analytical,friendly
Last Chance to Save 50% on Your Favorite Items!,21.91,confident,persuasive
Join Our Webinar: Advanced Data Analytics Techniques,25.71,confident,persuasive
Tips for Enhancing Your Productivity,54.08,analytical,persuasive
Last Chance to Save 50% on Your Favorite Items!,48.47,confident,friendly
Discover the Benefits of Our Premium Plan,45.16,tentative,friendly
Explore New Career Opportunities Today,50.84,analytical,informative
Tips for Enhancing Your Productivity,49.81,tentative,friendly
Unlock Your Potential with Our Latest Course!,31.0,analytical,persuasive
Tips for Enhancing Your Productivity,21.97,tentative,friendly
Your Weekly Newsletter: Top Industry Insights,37.1,tentative,friendly
Explore New Career Opportunities Today,34.36,analytical,friendly
Discover the Benefits of Our Premium Plan,34.57,tentative,informative
Join Our Webinar: Advanced Data Analytics Techniques,51.97,confident,friendly
Discover the Benefits of Our Premium Plan,26.3,tentative,informative
Tips for Enhancing Your Productivity,54.03,analytical,friendly
Can We Improve Your Experience?,56.74,confident,friendly
Unlock Your Potential with Our Latest Course!,33.88,tentative,persuasive
Tips for Enhancing Your Productivity,55.83,tentative,informative
Important Update Regarding Your Account,23.93,analytical,persuasive
Tips for Enhancing Your Productivity,53.56,confident,informative
Discover the Benefits of Our Premium Plan,40.29,tentative,friendly
Explore New Career Opportunities Today,51.53,analytical,persuasive
Last Chance to Save 50% on Your Favorite Items!,28.18,tentative,informative
Special Invitation: VIP Event Just for You,56.82,confident,persuasive
Important Update Regarding Your Account,50.45,confident,persuasive
Special Invitation: VIP Event Just for You,38.11,confident,persuasive
Can We Improve Your Experience?,45.0,tentative,informative
Explore New Career Opportunities Today,22.49,analytical,friendly
Tips for Enhancing Your Productivity,31.85,analytical,informative
Special Invitation: VIP Event Just for You,47.03,tentative,friendly
Important Update Regarding Your Account,41.93,confident,friendly
Can We Improve Your Experience?,58.1,analytical,informative
Your Weekly Newsletter: Top Industry Insights,22.48,analytical,persuasive
Important Update Regarding Your Account,58.96,confident,friendly
Your Weekly Newsletter: Top Industry Insights,50.72,tentative,friendly
Last Chance to Save 50% on Your Favorite Items!,23.82,tentative,informative
Discover the Benefits of Our Premium Plan,59.63,confident,friendly
Can We Improve Your Experience?,25.96,analytical,informative
Join Our Webinar: Advanced Data Analytics Techniques,26.32,confident,informative
Discover the Benefits of Our Premium Plan,30.43,tentative,persuasive
Tips for Enhancing Your Productivity,23.97,confident,persuasive
Important Update Regarding Your Account,58.61,analytical,informative
Unlock Your Potential with Our Latest Course!,41.71,confident,persuasive
Join Our Webinar: Advanced Data Analytics Techniques,52.56,analytical,friendly
Explore New Career Opportunities Today,58.01,tentative,persuasive
Special Invitation: VIP Event Just for You,26.36,tentative,friendly
Special Invitation: VIP Event Just for You,59.56,analytical,friendly
Can We Improve Your Experience?,58.59,tentative,persuasive
Your Weekly Newsletter: Top Industry Insights,46.43,tentative,persuasive
Important Update Regarding Your Account,52.23,tentative,persuasive
Last Chance to Save 50% on Your Favorite Items!,39.59,analytical,friendly
Discover the Benefits of Our Premium Plan,50.89,tentative,informative
Special Invitation: VIP Event Just for You,37.59,tentative,friendly
Discover the Benefits of Our Premium Plan,25.97,tentative,persuasive
Unlock Your Potential with Our Latest Course!,52.56,tentative,persuasive
Last Chance to Save 50% on Your Favorite Items!,37.07,analytical,persuasive
Can We Improve Your Experience?,41.41,tentative,persuasive
Explore New Career Opportunities Today,47.23,analytical,informative
Join Our Webinar: Advanced Data Analytics Techniques,58.09,confident,persuasive
Tips for Enhancing Your Productivity,46.03,analytical,informative
Explore New Career Opportunities Today,32.66,confident,persuasive
Join Our Webinar: Advanced Data Analytics Techniques,40.88,confident,informative
Can We Improve Your Experience?,30.51,analytical,informative
Your Weekly Newsletter: Top Industry Insights,50.79,confident,informative
Tips for Enhancing Your Productivity,34.66,confident,informative
Can We Improve Your Experience?,36.92,confident,persuasive
Important Update Regarding Your Account,36.43,confident,persuasive
Last Chance to Save 50% on Your Favorite Items!,27.71,tentative,persuasive
Discover the Benefits of Our Premium Plan,56.35,analytical,friendly
Last Chance to Save 50% on Your Favorite Items!,38.64,tentative,friendly
Important Update Regarding Your Account,50.2,tentative,friendly
Can We Improve Your Experience?,23.26,analytical,informative
Unlock Your Potential with Our Latest Course!,54.42,confident,persuasive
Your Weekly Newsletter: Top Industry Insights,36.75,confident,informative
Unlock Your Potential with Our Latest Course!,43.86,confident,informative
Unlock Your Potential with Our Latest Course!,20.12,analytical,informative
Special Invitation: VIP Event Just for You,34.73,analytical,persuasive
Tips for Enhancing Your Productivity,42.38,confident,informative
Tips for Enhancing Your Productivity,30.89,tentative,friendly
Special Invitation: VIP Event Just for You,53.9,analytical,persuasive
Important Update Regarding Your Account,21.19,analytical,persuasive
Unlock Your Potential with Our Latest Course!,55.5,analytical,friendly
Tips for Enhancing Your Productivity,43.96,confident,persuasive
Tips for Enhancing Your Productivity,54.54,tentative,informative
Can We Improve Your Experience?,30.25,confident,persuasive
Important Update Regarding Your Account,29.56,tentative,informative
Your Weekly Newsletter: Top Industry Insights,26.23,tentative,persuasive
Special Invitation: VIP Event Just for You,35.96,tentative,friendly
Special Invitation: VIP Event Just for You,27.51,analytical,friendly
Important Update Regarding Your Account,28.77,tentative,friendly
Important Update Regarding Your Account,40.95,confident,friendly
Unlock Your Potential with Our Latest Course!,20.91,analytical,persuasive
Discover the Benefits of Our Premium Plan,48.63,tentative,informative
Unlock Your Potential with Our Latest Course!,20.89,confident,informative
Special Invitation: VIP Event Just for You,35.56,tentative,informative
Join Our Webinar: Advanced Data Analytics Techniques,45.5,tentative,friendly
Special Invitation: VIP Event Just for You,27.88,tentative,friendly
Your Weekly Newsletter: Top Industry Insights,53.23,analytical,informative
Can We Improve Your Experience?,39.19,tentative,informative
Explore New Career Opportunities Today,39.18,analytical,friendly
Last Chance to Save 50% on Your Favorite Items!,42.18,analytical,friendly
Tips for Enhancing Your Productivity,24.88,tentative,friendly
Discover the Benefits of Our Premium Plan,46.13,tentative,persuasive
Special Invitation: VIP Event Just for You,20.83,tentative,informative
Unlock Your Potential with Our Latest Course!,59.47,confident,informative
Important Update Regarding Your Account,35.07,tentative,persuasive
Can We Improve Your Experience?,56.83,tentative,informative
Your Weekly Newsletter: Top Industry Insights,36.61,confident,friendly
Explore New Career Opportunities Today,21.27,analytical,informative
Join Our Webinar: Advanced Data Analytics Techniques,45.35,analytical,persuasive
Join Our Webinar: Advanced Data Analytics Techniques,24.82,analytical,friendly
Important Update Regarding Your Account,34.37,tentative,informative
Last Chance to Save 50% on Your Favorite Items!,29.07,tentative,friendly
Your Weekly Newsletter: Top Industry Insights,58.68,tentative,persuasive
Your Weekly Newsletter: Top Industry Insights,41.24,tentative,informative
Join Our Webinar: Advanced Data Analytics Techniques,50.45,confident,informative
Special Invitation: VIP Event Just for You,34.76,analytical,friendly
Your Weekly Newsletter: Top Industry Insights,32.85,confident,informative
Last Chance to Save 50% on Your Favorite Items!,29.67,confident,friendly
Special Invitation: VIP Event Just for You,27.13,confident,persuasive
Important Update Regarding Your Account,38.63,analytical,friendly
Your Weekly Newsletter: Top Industry Insights,48.28,confident,persuasive
Special Invitation: VIP Event Just for You,27.07,analytical,friendly
Important Update Regarding Your Account,27.4,analytical,informative
Special Invitation: VIP Event Just for You,21.11,tentative,friendly
Can We Improve Your Experience?,32.52,analytical,informative
Last Chance to Save 50% on Your Favorite Items!,29.8,tentative,persuasive
Tips for Enhancing Your Productivity,23.33,confident,informative
Last Chance to Save 50% on Your Favorite Items!,48.54,confident,informative
Special Invitation: VIP Event Just for You,25.6,analytical,persuasive
Tips for Enhancing Your Productivity,40.65,analytical,persuasive
Special Invitation: VIP Event Just for You,47.16,confident,friendly
Can We Improve Your Experience?,27.03,tentative,persuasive
Special Invitation: VIP Event Just for You,40.48,analytical,persuasive
Unlock Your Potential with Our Latest Course!,41.69,tentative,informative
Can We Improve Your Experience?,45.02,confident,persuasive
Explore New Career Opportunities Today,31.69,analytical,persuasive
Join Our Webinar: Advanced Data Analytics Techniques,27.36,analytical,persuasive
Tips for Enhancing Your Productivity,46.02,confident,persuasive
Tips for Enhancing Your Productivity,59.46,analytical,informative
Join Our Webinar: Advanced Data Analytics Techniques,57.64,tentative,informative
Unlock Your Potential with Our Latest Course!,25.62,analytical,informative
Last Chance to Save 50% on Your Favorite Items!,35.92,confident,persuasive
Explore New Career Opportunities Today,27.67,tentative,friendly
Unlock Your Potential with Our Latest Course!,56.8,analytical,persuasive
Tips for Enhancing Your Productivity,33.92,confident,persuasive
Last Chance to Save 50% on Your Favorite Items!,42.44,tentative,informative
Discover the Benefits of Our Premium Plan,31.38,tentative,friendly
Last Chance to Save 50% on Your Favorite Items!,56.84,analytical,persuasive
Unlock Your Potential with Our Latest Course!,55.73,confident,persuasive
Last Chance to Save 50% on Your Favorite Items!,32.84,analytical,persuasive
Important Update Regarding Your Account,30.82,confident,friendly
Unlock Your Potential with Our Latest Course!,34.23,analytical,friendly
Last Chance to Save 50% on Your Favorite Items!,28.38,confident,persuasive
Discover the Benefits of Our Premium Plan,23.05,tentative,friendly
Explore New Career Opportunities Today,21.68,confident,informative
Tips for Enhancing Your Productivity,42.63,tentative,friendly
Important Update Regarding Your Account,24.36,confident,persuasive
Tips for Enhancing Your Productivity,33.33,analytical,persuasive
Discover the Benefits of Our Premium Plan,33.13,analytical,persuasive
Explore New Career Opportunities Today,45.2,tentative,friendly
Last Chance to Save 50% on Your Favorite Items!,46.11,analytical,persuasive
Join Our Webinar: Advanced Data Analytics Techniques,30.16,analytical,informative
Special Invitation: VIP Event Just for You,28.53,tentative,informative
Last Chance to Save 50% on Your Favorite Items!,34.47,confident,informative
Last Chance to Save 50% on Your Favorite Items!,59.61,analytical,informative
Special Invitation: VIP Event Just for You,55.48,confident,persuasive
Important Update Regarding Your Account,57.45,confident,informative
Discover the Benefits of Our Premium Plan,42.22,tentative,persuasive
Tips for Enhancing Your Productivity,38.06,analytical,friendly
Discover the Benefits of Our Premium Plan,34.4,analytical,informative
Explore New Career Opportunities Today,33.98,analytical,informative
Explore New Career Opportunities Today,47.05,analytical,friendly
Unlock Your Potential with Our Latest Course!,25.53,confident,informative
Unlock Your Potential with Our Latest Course!,38.17,confident,friendly
Important Update Regarding Your Account,33.68,tentative,friendly
Unlock Your Potential with Our Latest Course!,51.27,tentative,friendly
Discover the Benefits of Our Premium Plan,27.68,confident,friendly
Tips for Enhancing Your Productivity,29.42,confident,informative
Join Our Webinar: Advanced Data Analytics Techniques,44.44,tentative,persuasive
Unlock Your Potential with Our Latest Course!,30.38,confident,persuasive
Discover the Benefits of Our Premium Plan,56.99,tentative,friendly
Important Update Regarding Your Account,24.15,analytical,persuasive
Discover the Benefits of Our Premium Plan,37.33,confident,persuasive
Discover the Benefits of Our Premium Plan,44.91,analytical,informative
Special Invitation: VIP Event Just for You,42.16,confident,persuasive
Explore New Career Opportunities Today,25.71,analytical,persuasive
Tips for Enhancing Your Productivity,46.81,analytical,friendly
Last Chance to Save 50% on Your Favorite Items!,38.61,confident,persuasive
Explore New Career Opportunities Today,34.0,confident,persuasive
Explore New Career Opportunities Today,27.61,tentative,persuasive
Tips for Enhancing Your Productivity,28.22,tentative,friendly
Discover the Benefits of Our Premium Plan,21.96,confident,friendly
Can We Improve Your Experience?,41.78,analytical,informative
Special Invitation: VIP Event Just for You,33.53,confident,informative
Special Invitation: VIP Event Just for You,25.77,tentative,persuasive
Your Weekly Newsletter: Top Industry Insights,30.01,analytical,persuasive
Important Update Regarding Your Account,33.41,tentative,informative
Special Invitation: VIP Event Just for You,22.12,analytical,informative
Your Weekly Newsletter: Top Industry Insights,22.08,confident,informative
Special Invitation: VIP Event Just for You,43.14,analytical,persuasive
Discover the Benefits of Our Premium Plan,49.21,analytical,friendly
Last Chance to Save 50% on Your Favorite Items!,30.78,analytical,informative
Discover the Benefits of Our Premium Plan,35.91,confident,informative
Special Invitation: VIP Event Just for You,57.44,analytical,persuasive
Tips for Enhancing Your Productivity,36.92,confident,informative
Explore New Career Opportunities Today,33.94,tentative,persuasive
Important Update Regarding Your Account,48.7,analytical,informative
Special Invitation: VIP Event Just for You,42.85,confident,persuasive
Can We Improve Your Experience?,25.73,tentative,friendly
Your Weekly Newsletter: Top Industry Insights,46.31,confident,persuasive
Your Weekly Newsletter: Top Industry Insights,27.7,tentative,friendly
Can We Improve Your Experience?,31.62,tentative,informative
Tips for Enhancing Your Productivity,53.21,confident,informative
Tips for Enhancing Your Productivity,59.92,analytical,informative
Last Chance to Save 50% on Your Favorite Items!,44.88,tentative,friendly
Unlock Your Potential with Our Latest Course!,48.0,confident,informative
Your Weekly Newsletter: Top Industry Insights,37.73,analytical,persuasive
Your Weekly Newsletter: Top Industry Insights,34.71,analytical,friendly
Important Update Regarding Your Account,50.5,tentative,informative
Tips for Enhancing Your Productivity,43.09,confident,persuasive
Discover the Benefits of Our Premium Plan,22.59,analytical,friendly
Join Our Webinar: Advanced Data Analytics Techniques,40.87,confident,friendly
Join Our Webinar: Advanced Data Analytics Techniques,41.77,analytical,friendly
Special Invitation: VIP Event Just for You,22.38,confident,friendly
Explore New Career Opportunities Today,50.97,confident,friendly
Last Chance to Save 50% on Your Favorite Items!,32.28,tentative,informative
Join Our Webinar: Advanced Data Analytics Techniques,46.53,confident,informative
Tips for Enhancing Your Productivity,30.62,confident,informative
Explore New Career Opportunities Today,58.51,analytical,persuasive
Your Weekly Newsletter: Top Industry Insights,25.08,confident,friendly
Last Chance to Save 50% on Your Favorite Items!,53.37,tentative,friendly
Unlock Your Potential with Our Latest Course!,58.6,tentative,informative
Can We Improve Your Experience?,54.98,tentative,informative
Can We Improve Your Experience?,23.75,tentative,informative
Tips for Enhancing Your Productivity,32.17,confident,friendly
Unlock Your Potential with Our Latest Course!,21.05,tentative,persuasive
Can We Improve Your Experience?,49.92,tentative,friendly
Important Update Regarding Your Account,59.34,tentative,friendly
Unlock Your Potential with Our Latest Course!,39.27,confident,informative
Important Update Regarding Your Account,49.47,tentative,informative
Can We Improve Your Experience?,20.52,analytical,friendly
Tips for Enhancing Your Productivity,49.5,analytical,informative
Last Chance to Save 50% on Your Favorite Items!,58.12,analytical,friendly
Last Chance to Save 50% on Your Favorite Items!,32.04,tentative,persuasive
Last Chance to Save 50% on Your Favorite Items!,55.42,confident,persuasive
Join Our Webinar: Advanced Data Analytics Techniques,53.3,analytical,informative
Discover the Benefits of Our Premium Plan,28.98,analytical,persuasive
Last Chance to Save 50% on Your Favorite Items!,32.39,tentative,persuasive
Last Chance to Save 50% on Your Favorite Items!,20.31,analytical,informative
Last Chance to Save 50% on Your Favorite Items!,24.84,analytical,informative
Can We Improve Your Experience?,55.39,tentative,informative
Explore New Career Opportunities Today,23.1,tentative,persuasive
Explore New Career Opportunities Today,27.47,confident,persuasive
Unlock Your Potential with Our Latest Course!,20.1,analytical,persuasive
Tips for Enhancing Your Productivity,39.68,confident,informative
Can We Improve Your Experience?,45.04,tentative,informative
Can We Improve Your Experience?,33.58,analytical,informative
Explore New Career Opportunities Today,50.1,tentative,friendly
Unlock Your Potential with Our Latest Course!,28.68,confident,friendly
Explore New Career Opportunities Today,26.1,tentative,persuasive
Tips for Enhancing Your Productivity,22.05,analytical,friendly
Your Weekly Newsletter: Top Industry Insights,35.3,analytical,persuasive
Last Chance to Save 50% on Your Favorite Items!,32.83,analytical,friendly
Unlock Your Potential with Our Latest Course!,53.97,confident,persuasive
Tips for Enhancing Your Productivity,23.57,analytical,friendly
Last Chance to Save 50% on Your Favorite Items!,34.16,confident,friendly
Tips for Enhancing Your Productivity,24.58,tentative,friendly
Can We Improve Your Experience?,30.29,confident,friendly
Explore New Career Opportunities Today,57.9,tentative,informative
Can We Improve Your Experience?,22.23,analytical,informative
Explore New Career Opportunities Today,31.79,confident,informative
Discover the Benefits of Our Premium Plan,41.26,confident,persuasive
Last Chance to Save 50% on Your Favorite Items!,51.93,tentative,friendly
Important Update Regarding Your Account,34.89,analytical,persuasive
Unlock Your Potential with Our Latest Course!,34.19,tentative,persuasive
Important Update Regarding Your Account,28.6,tentative,informative
Explore New Career Opportunities Today,31.68,tentative,persuasive
Can We Improve Your Experience?,26.82,tentative,persuasive
Special Invitation: VIP Event Just for You,37.62,tentative,informative
Explore New Career Opportunities Today,40.7,tentative,friendly
Your Weekly Newsletter: Top Industry Insights,58.41,analytical,friendly
Important Update Regarding Your Account,34.57,tentative,persuasive
Your Weekly Newsletter: Top Industry Insights,50.78,analytical,friendly
Join Our Webinar: Advanced Data Analytics Techniques,30.83,analytical,informative
Important Update Regarding Your Account,25.31,analytical,friendly
Tips for Enhancing Your Productivity,57.8,analytical,persuasive
Can We Improve Your Experience?,32.51,tentative,informative
Join Our Webinar: Advanced Data Analytics Techniques,37.85,confident,informative
Special Invitation: VIP Event Just for You,28.42,analytical,friendly
Join Our Webinar: Advanced Data Analytics Techniques,42.65,confident,persuasive
Last Chance to Save 50% on Your Favorite Items!,42.48,tentative,informative
Special Invitation: VIP Event Just for You,54.36,analytical,friendly
Tips for Enhancing Your Productivity,37.4,confident,informative
Important Update Regarding Your Account,59.57,tentative,informative
Unlock Your Potential with Our Latest Course!,35.19,analytical,persuasive
Explore New Career Opportunities Today,45.26,analytical,friendly
Last Chance to Save 50% on Your Favorite Items!,59.63,confident,friendly
Tips for Enhancing Your Productivity,41.95,confident,friendly
Can We Improve Your Experience?,34.79,analytical,informative
Tips for Enhancing Your Productivity,33.37,tentative,friendly
Your Weekly Newsletter: Top Industry Insights,36.59,tentative,informative
Last Chance to Save 50% on Your Favorite Items!,27.33,confident,informative
Your Weekly Newsletter: Top Industry Insights,35.67,confident,persuasive
Join Our Webinar: Advanced Data Analytics Techniques,29.15,confident,friendly
Your Weekly Newsletter: Top Industry Insights,51.48,analytical,persuasive
Important Update Regarding Your Account,46.51,tentative,persuasive
Your Weekly Newsletter: Top Industry Insights,31.11,tentative,friendly
Unlock Your Potential with Our Latest Course!,29.82,tentative,friendly
Discover the Benefits of Our Premium Plan,59.56,analytical,persuasive
Tips for Enhancing Your Productivity,26.56,confident,persuasive
Join Our Webinar: Advanced Data Analytics Techniques,51.17,analytical,persuasive
Can We Improve Your Experience?,26.55,confident,friendly
Discover the Benefits of Our Premium Plan,43.79,tentative,friendly
Unlock Your Potential with Our Latest Course!,33.97,analytical,persuasive
Join Our Webinar: Advanced Data Analytics Techniques,20.12,confident,persuasive
Tips for Enhancing Your Productivity,30.8,analytical,friendly
Important Update Regarding Your Account,58.13,confident,persuasive
Important Update Regarding Your Account,55.58,confident,persuasive
Your Weekly Newsletter: Top Industry Insights,58.0,confident,friendly
Your Weekly Newsletter: Top Industry Insights,20.33,confident,persuasive
Your Weekly Newsletter: Top Industry Insights,42.17,analytical,informative
Important Update Regarding Your Account,25.39,confident,informative
Last Chance to Save 50% on Your Favorite Items!,24.49,tentative,friendly
Explore New Career Opportunities Today,57.24,tentative,informative
Can We Improve Your Experience?,54.07,confident,friendly
Important Update Regarding Your Account,33.52,confident,informative
Join Our Webinar: Advanced Data Analytics Techniques,37.43,analytical,persuasive
Unlock Your Potential with Our Latest Course!,45.35,confident,informative
Special Invitation: VIP Event Just for You,20.64,confident,informative
Your Weekly Newsletter: Top Industry Insights,33.14,tentative,informative
Unlock Your Potential with Our Latest Course!,27.1,confident,friendly
Your Weekly Newsletter: Top Industry Insights,53.57,confident,persuasive
Special Invitation: VIP Event Just for You,39.28,analytical,persuasive
Special Invitation: VIP Event Just for You,32.05,confident,friendly
Special Invitation: VIP Event Just for You,24.45,analytical,friendly
Important Update Regarding Your Account,46.82,confident,informative
Join Our Webinar: Advanced Data Analytics Techniques,25.47,confident,informative
Join Our Webinar: Advanced Data Analytics Techniques,43.07,confident,friendly
Unlock Your Potential with Our Latest Course!,22.86,confident,persuasive
Can We Improve Your Experience?,37.97,tentative,informative
Important Update Regarding Your Account,50.99,analytical,informative
Tips for Enhancing Your Productivity,41.06,analytical,informative
Important Update Regarding Your Account,53.66,analytical,persuasive
Tips for Enhancing Your Productivity,45.89,tentative,informative
Your Weekly Newsletter: Top Industry Insights,55.96,analytical,informative
Your Weekly Newsletter: Top Industry Insights,25.27,analytical,persuasive
Last Chance to Save 50% on Your Favorite Items!,26.7,tentative,informative
Special Invitation: VIP Event Just for You,33.72,confident,persuasive
Special Invitation: VIP Event Just for You,23.28,tentative,persuasive
Join Our Webinar: Advanced Data Analytics Techniques,22.34,confident,persuasive
Last Chance to Save 50% on Your Favorite Items!,34.59,confident,informative
Discover the Benefits of Our Premium Plan,48.12,analytical,friendly
Explore New Career Opportunities Today,35.06,tentative,informative
Tips for Enhancing Your Productivity,46.08,confident,friendly
Discover the Benefits of Our Premium Plan,38.31,analytical,informative
Can We Improve Your Experience?,20.58,tentative,informative
Can We Improve Your Experience?,38.93,analytical,informative
Explore New Career Opportunities Today,38.4,analytical,informative
Tips for Enhancing Your Productivity,26.6,tentative,informative
Important Update Regarding Your Account,26.53,tentative,informative
Tips for Enhancing Your Productivity,53.15,tentative,persuasive
Tips for Enhancing Your Productivity,47.7,confident,persuasive
Unlock Your Potential with Our Latest Course!,34.69,analytical,friendly
Your Weekly Newsletter: Top Industry Insights,32.88,analytical,friendly
Unlock Your Potential with Our Latest Course!,44.96,tentative,friendly
Explore New Career Opportunities Today,23.53,confident,persuasive
Discover the Benefits of Our Premium Plan,33.43,confident,friendly
Your Weekly Newsletter: Top Industry Insights,38.94,tentative,persuasive
Explore New Career Opportunities Today,34.58,analytical,friendly
Join Our Webinar: Advanced Data Analytics Techniques,28.31,analytical,informative
Unlock Your Potential with Our Latest Course!,49.52,confident,persuasive
Your Weekly Newsletter: Top Industry Insights,59.9,tentative,friendly
Last Chance to Save 50% on Your Favorite Items!,49.74,analytical,informative
Important Update Regarding Your Account,58.98,confident,persuasive
Tips for Enhancing Your Productivity,59.04,analytical,friendly
Explore New Career Opportunities Today,57.88,analytical,persuasive
Special Invitation: VIP Event Just for You,54.54,tentative,persuasive
Explore New Career Opportunities Today,58.47,confident,persuasive
Can We Improve Your Experience?,44.05,analytical,friendly
Last Chance to Save 50% on Your Favorite Items!,36.05,tentative,friendly
Unlock Your Potential with Our Latest Course!,51.62,confident,persuasive
Special Invitation: VIP Event Just for You,45.91,analytical,persuasive
Discover the Benefits of Our Premium Plan,53.35,confident,informative
Explore New Career Opportunities Today,59.14,tentative,persuasive
Special Invitation: VIP Event Just for You,24.79,analytical,persuasive
Explore New Career Opportunities Today,26.74,analytical,friendly
Tips for Enhancing Your Productivity,24.24,confident,informative
Discover the Benefits of Our Premium Plan,37.99,tentative,friendly
Last Chance to Save 50% on Your Favorite Items!,23.88,analytical,persuasive
Your Weekly Newsletter: Top Industry Insights,21.81,tentative,informative
Join Our Webinar: Advanced Data Analytics Techniques,53.87,tentative,informative
Tips for Enhancing Your Productivity,41.59,confident,informative
Can We Improve Your Experience?,22.96,confident,persuasive
Discover the Benefits of Our Premium Plan,33.98,analytical,friendly
Unlock Your Potential with Our Latest Course!,33.62,analytical,persuasive
Discover the Benefits of Our Premium Plan,47.77,confident,persuasive
Special Invitation: VIP Event Just for You,40.52,tentative,persuasive
Tips for Enhancing Your Productivity,43.53,analytical,informative
Your Weekly Newsletter: Top Industry Insights,37.96,confident,persuasive
Discover the Benefits of Our Premium Plan,39.12,tentative,friendly
Last Chance to Save 50% on Your Favorite Items!,30.98,confident,informative
Join Our Webinar: Advanced Data Analytics Techniques,35.74,confident,persuasive
Explore New Career Opportunities Today,49.17,confident,persuasive
Join Our Webinar: Advanced Data Analytics Techniques,38.77,analytical,persuasive
Unlock Your Potential with Our Latest Course!,47.34,tentative,persuasive
Special Invitation: VIP Event Just for You,50.18,tentative,persuasive
Your Weekly Newsletter: Top Industry Insights,45.69,analytical,friendly
Join Our Webinar: Advanced Data Analytics Techniques,38.39,analytical,persuasive
Last Chance to Save 50% on Your Favorite Items!,50.09,tentative,friendly
Explore New Career Opportunities Today,28.61,tentative,informative
Unlock Your Potential with Our Latest Course!,34.28,tentative,persuasive
Your Weekly Newsletter: Top Industry Insights,36.16,analytical,persuasive
Special Invitation: VIP Event Just for You,24.36,tentative,persuasive
Special Invitation: VIP Event Just for You,45.6,confident,informative
Discover the Benefits of Our Premium Plan,37.57,tentative,informative
Important Update Regarding Your Account,51.24,confident,friendly
Join Our Webinar: Advanced Data Analytics Techniques,21.48,tentative,persuasive
Tips for Enhancing Your Productivity,58.15,analytical,informative
Can We Improve Your Experience?,20.26,tentative,friendly
Your Weekly Newsletter: Top Industry Insights,47.1,analytical,persuasive
Explore New Career Opportunities Today,46.56,analytical,informative
Tips for Enhancing Your Productivity,30.01,confident,persuasive
Special Invitation: VIP Event Just for You,51.7,tentative,persuasive
Discover the Benefits of Our Premium Plan,46.46,analytical,persuasive
Important Update Regarding Your Account,27.21,confident,persuasive
Your Weekly Newsletter: Top Industry Insights,53.21,confident,persuasive
Special Invitation: VIP Event Just for You,32.2,analytical,persuasive
Last Chance to Save 50% on Your Favorite Items!,24.93,analytical,persuasive
Join Our Webinar: Advanced Data Analytics Techniques,34.33,analytical,persuasive
Discover the Benefits of Our Premium Plan,25.42,analytical,informative
Explore New Career Opportunities Today,40.32,confident,persuasive
Special Invitation: VIP Event Just for You,25.55,confident,persuasive
Tips for Enhancing Your Productivity,26.22,tentative,informative
Last Chance to Save 50% on Your Favorite Items!,59.65,tentative,informative
Special Invitation: VIP Event Just for You,46.41,tentative,friendly
Join Our Webinar: Advanced Data Analytics Techniques,33.41,analytical,informative
Special Invitation: VIP Event Just for You,55.22,analytical,friendly
Join Our Webinar: Advanced Data Analytics Techniques,23.09,tentative,informative
Can We Improve Your Experience?,20.34,tentative,informative
Can We Improve Your Experience?,47.4,tentative,informative
Join Our Webinar: Advanced Data Analytics Techniques,33.26,confident,persuasive
Last Chance to Save 50% on Your Favorite Items!,37.47,tentative,persuasive
Important Update Regarding Your Account,29.97,confident,informative
Join Our Webinar: Advanced Data Analytics Techniques,58.88,analytical,persuasive
Important Update Regarding Your Account,26.81,analytical,friendly
Unlock Your Potential with Our Latest Course!,52.89,confident,persuasive
Important Update Regarding Your Account,50.28,tentative,friendly
Your Weekly Newsletter: Top Industry Insights,44.4,tentative,friendly
Special Invitation: VIP Event Just for You,42.04,analytical,friendly
Join Our Webinar: Advanced Data Analytics Techniques,58.27,tentative,friendly
Tips for Enhancing Your Productivity,41.99,tentative,friendly
Can We Improve Your Experience?,31.51,confident,friendly
Discover the Benefits of Our Premium Plan,57.41,analytical,persuasive
Explore New Career Opportunities Today,28.78,confident,persuasive
Explore New Career Opportunities Today,56.81,confident,persuasive
Discover the Benefits of Our Premium Plan,57.44,tentative,informative
Unlock Your Potential with Our Latest Course!,58.43,tentative,friendly
Unlock Your Potential with Our Latest Course!,26.76,confident,informative
Unlock Your Potential with Our Latest Course!,31.84,tentative,persuasive
Last Chance to Save 50% on Your Favorite Items!,28.81,analytical,persuasive
Can We Improve Your Experience?,33.05,analytical,informative
Join Our Webinar: Advanced Data Analytics Techniques,56.12,tentative,persuasive
Your Weekly Newsletter: Top Industry Insights,33.4,tentative,persuasive
Discover the Benefits of Our Premium Plan,59.13,analytical,persuasive
Last Chance to Save 50% on Your Favorite Items!,59.29,analytical,informative
Special Invitation: VIP Event Just for You,37.26,analytical,persuasive
Last Chance to Save 50% on Your Favorite Items!,29.91,confident,informative
Can We Improve Your Experience?,43.52,confident,persuasive
Tips for Enhancing Your Productivity,46.45,tentative,informative
Can We Improve Your Experience?,23.32,tentative,informative
Discover the Benefits of Our Premium Plan,47.39,analytical,informative
Join Our Webinar: Advanced Data Analytics Techniques,21.59,confident,informative
Special Invitation: VIP Event Just for You,47.66,analytical,persuasive
Your Weekly Newsletter: Top Industry Insights,57.45,confident,friendly
Explore New Career Opportunities Today,31.43,tentative,persuasive
Can We Improve Your Experience?,32.73,tentative,friendly
Important Update Regarding Your Account,50.85,analytical,informative
Unlock Your Potential with Our Latest Course!,25.03,tentative,persuasive
Important Update Regarding Your Account,33.48,confident,persuasive
Tips for Enhancing Your Productivity,33.06,confident,persuasive
Unlock Your Potential with Our Latest Course!,55.0,analytical,friendly
Last Chance to Save 50% on Your Favorite Items!,24.87,analytical,persuasive
Special Invitation: VIP Event Just for You,55.29,tentative,persuasive
Your Weekly Newsletter: Top Industry Insights,51.52,analytical,persuasive
Important Update Regarding Your Account,30.23,analytical,persuasive
Explore New Career Opportunities Today,40.7,confident,persuasive
Important Update Regarding Your Account,34.72,analytical,friendly
Join Our Webinar: Advanced Data Analytics Techniques,50.63,analytical,informative
Last Chance to Save 50% on Your Favorite Items!,45.92,analytical,informative
Important Update Regarding Your Account,27.26,tentative,persuasive
Join Our Webinar: Advanced Data Analytics Techniques,27.95,tentative,persuasive
Explore New Career Opportunities Today,57.74,analytical,friendly
Explore New Career Opportunities Today,44.08,confident,persuasive
Unlock Your Potential with Our Latest Course!,54.28,confident,informative
Can We Improve Your Experience?,57.69,confident,informative
Explore New Career Opportunities Today,21.45,tentative,informative
Important Update Regarding Your Account,44.51,tentative,friendly
Important Update Regarding Your Account,52.58,tentative,persuasive
Join Our Webinar: Advanced Data Analytics Techniques,24.02,confident,persuasive
Join Our Webinar: Advanced Data Analytics Techniques,39.86,confident,friendly
Discover the Benefits of Our Premium Plan,39.96,analytical,informative
Discover the Benefits of Our Premium Plan,39.79,tentative,friendly
Unlock Your Potential with Our Latest Course!,40.65,confident,informative
Special Invitation: VIP Event Just for You,59.6,analytical,friendly
Your Weekly Newsletter: Top Industry Insights,56.41,confident,friendly
Your Weekly Newsletter: Top Industry Insights,33.78,confident,friendly
Tips for Enhancing Your Productivity,30.8,analytical,persuasive
Important Update Regarding Your Account,37.99,tentative,friendly
Join Our Webinar: Advanced Data Analytics Techniques,45.49,analytical,informative
Important Update Regarding Your Account,41.48,analytical,informative
Your Weekly Newsletter: Top Industry Insights,44.84,analytical,persuasive
Can We Improve Your Experience?,56.61,analytical,friendly
Discover the Benefits of Our Premium Plan,25.47,confident,informative
Tips for Enhancing Your Productivity,24.29,tentative,informative
Important Update Regarding Your Account,59.05,analytical,informative
Important Update Regarding Your Account,59.11,analytical,friendly
Last Chance to Save 50% on Your Favorite Items!,59.53,analytical,persuasive
Unlock Your Potential with Our Latest Course!,46.99,analytical,friendly
Can We Improve Your Experience?,26.81,analytical,persuasive
Join Our Webinar: Advanced Data Analytics Techniques,41.57,tentative,friendly
Discover the Benefits of Our Premium Plan,45.32,analytical,informative
Unlock Your Potential with Our Latest Course!,41.11,analytical,friendly
Your Weekly Newsletter: Top Industry Insights,53.16,analytical,persuasive
Unlock Your Potential with Our Latest Course!,39.98,confident,persuasive
Special Invitation: VIP Event Just for You,21.07,analytical,persuasive
Important Update Regarding Your Account,23.22,confident,informative
Last Chance to Save 50% on Your Favorite Items!,48.23,tentative,persuasive
Last Chance to Save 50% on Your Favorite Items!,22.53,analytical,informative
Join Our Webinar: Advanced Data Analytics Techniques,58.69,confident,friendly
Tips for Enhancing Your Productivity,50.57,tentative,persuasive
Explore New Career Opportunities Today,40.14,analytical,persuasive
Unlock Your Potential with Our Latest Course!,39.77,tentative,friendly
Discover the Benefits of Our Premium Plan,23.32,analytical,persuasive
Can We Improve Your Experience?,44.03,confident,persuasive
Tips for Enhancing Your Productivity,41.36,confident,informative
Your Weekly Newsletter: Top Industry Insights,42.81,confident,persuasive
Important Update Regarding Your Account,46.86,confident,persuasive
Unlock Your Potential with Our Latest Course!,53.1,analytical,friendly
Join Our Webinar: Advanced Data Analytics Techniques,35.72,confident,friendly
Explore New Career Opportunities Today,45.86,confident,informative
Join Our Webinar: Advanced Data Analytics Techniques,42.2,analytical,persuasive
Can We Improve Your Experience?,26.86,confident,informative
Discover the Benefits of Our Premium Plan,55.74,analytical,friendly
Explore New Career Opportunities Today,57.52,analytical,informative
Join Our Webinar: Advanced Data Analytics Techniques,50.24,confident,persuasive
Your Weekly Newsletter: Top Industry Insights,52.92,tentative,friendly
Discover the Benefits of Our Premium Plan,38.76,analytical,informative
Your Weekly Newsletter: Top Industry Insights,39.2,analytical,persuasive
Explore New Career Opportunities Today,48.36,analytical,persuasive
Join Our Webinar: Advanced Data Analytics Techniques,44.1,analytical,friendly
Last Chance to Save 50% on Your Favorite Items!,43.58,confident,persuasive
Discover the Benefits of Our Premium Plan,53.9,tentative,persuasive
Special Invitation: VIP Event Just for You,28.53,analytical,friendly
Join Our Webinar: Advanced Data Analytics Techniques,41.73,tentative,persuasive
Unlock Your Potential with Our Latest Course!,55.22,analytical,persuasive
Important Update Regarding Your Account,51.34,analytical,informative
Can We Improve Your Experience?,21.52,analytical,persuasive
Important Update Regarding Your Account,24.23,confident,persuasive
Your Weekly Newsletter: Top Industry Insights,51.4,analytical,persuasive
Special Invitation: VIP Event Just for You,25.38,analytical,friendly
Important Update Regarding Your Account,39.41,confident,friendly
Important Update Regarding Your Account,22.01,analytical,persuasive
Explore New Career Opportunities Today,41.42,confident,informative
Last Chance to Save 50% on Your Favorite Items!,59.32,analytical,persuasive
Last Chance to Save 50% on Your Favorite Items!,59.37,confident,friendly
Join Our Webinar: Advanced Data Analytics Techniques,26.57,analytical,friendly
Join Our Webinar: Advanced Data Analytics Techniques,57.52,analytical,persuasive
Explore New Career Opportunities Today,49.37,tentative,friendly
Tips for Enhancing Your Productivity,20.36,analytical,informative
Explore New Career Opportunities Today,29.73,confident,friendly
Important Update Regarding Your Account,55.39,analytical,informative
Tips for Enhancing Your Productivity,51.78,confident,informative
Important Update Regarding Your Account,29.38,analytical,persuasive
Unlock Your Potential with Our Latest Course!,42.6,confident,friendly
Important Update Regarding Your Account,58.92,confident,informative
Tips for Enhancing Your Productivity,26.73,confident,friendly
Special Invitation: VIP Event Just for You,48.92,confident,persuasive
Last Chance to Save 50% on Your Favorite Items!,59.21,analytical,persuasive
Tips for Enhancing Your Productivity,44.39,tentative,informative
Can We Improve Your Experience?,20.48,analytical,informative
Can We Improve Your Experience?,27.09,tentative,persuasive
Important Update Regarding Your Account,45.24,confident,persuasive
Discover the Benefits of Our Premium Plan,56.51,analytical,persuasive
Your Weekly Newsletter: Top Industry Insights,37.01,tentative,informative
Important Update Regarding Your Account,35.83,analytical,friendly
Special Invitation: VIP Event Just for You,42.97,confident,persuasive
Join Our Webinar: Advanced Data Analytics Techniques,23.37,analytical,friendly
Important Update Regarding Your Account,25.14,tentative,informative
Tips for Enhancing Your Productivity,20.05,tentative,friendly
Tips for Enhancing Your Productivity,50.89,analytical,informative
Last Chance to Save 50% on Your Favorite Items!,22.01,confident,informative
Can We Improve Your Experience?,27.58,tentative,persuasive
Explore New Career Opportunities Today,48.8,confident,informative
Can We Improve Your Experience?,57.97,analytical,informative
Discover the Benefits of Our Premium Plan,59.22,analytical,persuasive
Unlock Your Potential with Our Latest Course!,48.27,confident,informative
Discover the Benefits of Our Premium Plan,39.9,tentative,informative
Last Chance to Save 50% on Your Favorite Items!,23.31,confident,informative
Tips for Enhancing Your Productivity,43.32,tentative,friendly
Discover the Benefits of Our Premium Plan,27.12,tentative,informative
Explore New Career Opportunities Today,41.82,tentative,informative
Your Weekly Newsletter: Top Industry Insights,58.03,tentative,persuasive
Special Invitation: VIP Event Just for You,58.18,confident,persuasive
Explore New Career Opportunities Today,34.83,analytical,informative
Explore New Career Opportunities Today,49.19,analytical,informative
Discover the Benefits of Our Premium Plan,52.35,analytical,friendly
Special Invitation: VIP Event Just for You,51.05,tentative,persuasive
Unlock Your Potential with Our Latest Course!,25.26,analytical,friendly
Tips for Enhancing Your Productivity,44.46,tentative,informative
Special Invitation: VIP Event Just for You,56.03,confident,friendly
Tips for Enhancing Your Productivity,59.75,tentative,friendly
Special Invitation: VIP Event Just for You,46.38,confident,informative
Can We Improve Your Experience?,27.44,analytical,persuasive
Unlock Your Potential with Our Latest Course!,41.88,tentative,friendly
Important Update Regarding Your Account,40.98,analytical,friendly
Unlock Your Potential with Our Latest Course!,48.58,confident,friendly
Join Our Webinar: Advanced Data Analytics Techniques,32.17,confident,friendly
Explore New Career Opportunities Today,39.56,confident,informative
Special Invitation: VIP Event Just for You,34.54,analytical,friendly
Can We Improve Your Experience?,38.92,analytical,informative
Last Chance to Save 50% on Your Favorite Items!,44.4,confident,persuasive
Tips for Enhancing Your Productivity,23.78,confident,informative
Special Invitation: VIP Event Just for You,47.46,confident,informative
Can We Improve Your Experience?,24.94,analytical,friendly
Can We Improve Your Experience?,26.47,tentative,friendly
Tips for Enhancing Your Productivity,54.34,confident,informative
Join Our Webinar: Advanced Data Analytics Techniques,24.4,analytical,friendly
Special Invitation: VIP Event Just for You,38.92,confident,friendly
Unlock Your Potential with Our Latest Course!,29.57,analytical,friendly
Can We Improve Your Experience?,54.47,tentative,informative
Last Chance to Save 50% on Your Favorite Items!,45.5,tentative,persuasive
Join Our Webinar: Advanced Data Analytics Techniques,35.92,tentative,friendly
Explore New Career Opportunities Today,53.77,analytical,persuasive
Important Update Regarding Your Account,47.43,confident,persuasive
Explore New Career Opportunities Today,56.54,confident,friendly
Can We Improve Your Experience?,52.19,confident,informative
Join Our Webinar: Advanced Data Analytics Techniques,51.51,confident,persuasive
Join Our Webinar: Advanced Data Analytics Techniques,58.45,confident,informative
Last Chance to Save 50% on Your Favorite Items!,45.68,tentative,persuasive
Special Invitation: VIP Event Just for You,58.84,tentative,friendly
Explore New Career Opportunities Today,41.13,tentative,friendly
Explore New Career Opportunities Today,24.49,confident,friendly
Join Our Webinar: Advanced Data Analytics Techniques,21.14,confident,persuasive
Discover the Benefits of Our Premium Plan,32.25,tentative,informative
Join Our Webinar: Advanced Data Analytics Techniques,57.28,analytical,friendly
Discover the Benefits of Our Premium Plan,48.1,confident,persuasive
Last Chance to Save 50% on Your Favorite Items!,20.41,tentative,persuasive
Join Our Webinar: Advanced Data Analytics Techniques,20.47,confident,friendly
Your Weekly Newsletter: Top Industry Insights,24.2,tentative,friendly
Join Our Webinar: Advanced Data Analytics Techniques,45.8,confident,persuasive
Can We Improve Your Experience?,59.65,confident,informative
Join Our Webinar: Advanced Data Analytics Techniques,32.44,tentative,informative
Special Invitation: VIP Event Just for You,39.59,tentative,friendly
Unlock Your Potential with Our Latest Course!,54.46,analytical,informative
Important Update Regarding Your Account,51.44,confident,persuasive
Your Weekly Newsletter: Top Industry Insights,38.34,tentative,friendly
Unlock Your Potential with Our Latest Course!,21.78,analytical,friendly
Tips for Enhancing Your Productivity,21.69,tentative,friendly
Important Update Regarding Your Account,42.72,confident,persuasive
Unlock Your Potential with Our Latest Course!,20.27,tentative,informative
Important Update Regarding Your Account,53.58,confident,friendly
Join Our Webinar: Advanced Data Analytics Techniques,52.4,confident,friendly
Discover the Benefits of Our Premium Plan,51.86,tentative,friendly
Explore New Career Opportunities Today,23.54,analytical,informative
Tips for Enhancing Your Productivity,59.23,analytical,persuasive
Tips for Enhancing Your Productivity,41.45,confident,informative
Last Chance to Save 50% on Your Favorite Items!,28.48,tentative,informative
Explore New Career Opportunities Today,39.12,confident,friendly
Unlock Your Potential with Our Latest Course!,54.14,confident,persuasive
Can We Improve Your Experience?,52.28,analytical,friendly
Special Invitation: VIP Event Just for You,29.93,tentative,friendly
Unlock Your Potential with Our Latest Course!,25.32,analytical,informative
Explore New Career Opportunities Today,26.12,analytical,persuasive
Join Our Webinar: Advanced Data Analytics Techniques,44.69,tentative,persuasive
Can We Improve Your Experience?,48.64,analytical,friendly
Last Chance to Save 50% on Your Favorite Items!,46.85,confident,informative
Your Weekly Newsletter: Top Industry Insights,22.45,tentative,friendly
Tips for Enhancing Your Productivity,49.96,analytical,informative
Join Our Webinar: Advanced Data Analytics Techniques,43.95,tentative,informative
Unlock Your Potential with Our Latest Course!,44.3,tentative,informative
Last Chance to Save 50% on Your Favorite Items!,30.01,analytical,informative
Explore New Career Opportunities Today,34.01,tentative,friendly
Discover the Benefits of Our Premium Plan,34.94,confident,persuasive
Can We Improve Your Experience?,43.22,tentative,friendly
Explore New Career Opportunities Today,23.14,tentative,persuasive
Special Invitation: VIP Event Just for You,21.4,confident,friendly
Tips for Enhancing Your Productivity,30.08,tentative,persuasive
Join Our Webinar: Advanced Data Analytics Techniques,58.92,confident,friendly
Tips for Enhancing Your Productivity,42.93,analytical,friendly
Tips for Enhancing Your Productivity,37.55,tentative,friendly
Last Chance to Save 50% on Your Favorite Items!,25.66,confident,friendly
Important Update Regarding Your Account,45.07,tentative,persuasive
Special Invitation: VIP Event Just for You,57.98,confident,friendly
Join Our Webinar: Advanced Data Analytics Techniques,37.17,tentative,persuasive
Your Weekly Newsletter: Top Industry Insights,21.04,confident,informative
Unlock Your Potential with Our Latest Course!,50.15,confident,persuasive
Tips for Enhancing Your Productivity,24.0,confident,friendly
Unlock Your Potential with Our Latest Course!,59.13,confident,persuasive
Tips for Enhancing Your Productivity,47.18,confident,persuasive
Join Our Webinar: Advanced Data Analytics Techniques,28.76,tentative,friendly
Explore New Career Opportunities Today,37.34,tentative,persuasive
Explore New Career Opportunities Today,31.64,tentative,persuasive
Explore New Career Opportunities Today,23.38,confident,persuasive
Join Our Webinar: Advanced Data Analytics Techniques,32.45,analytical,friendly
Join Our Webinar: Advanced Data Analytics Techniques,43.0,confident,friendly
Unlock Your Potential with Our Latest Course!,27.36,analytical,informative
Discover the Benefits of Our Premium Plan,32.31,tentative,friendly
Special Invitation: VIP Event Just for You,51.05,confident,persuasive
Join Our Webinar: Advanced Data Analytics Techniques,43.35,tentative,persuasive
Explore New Career Opportunities Today,40.31,confident,friendly
Special Invitation: VIP Event Just for You,51.32,confident,informative
Special Invitation: VIP Event Just for You,56.24,confident,friendly
Explore New Career Opportunities Today,47.43,tentative,informative
Tips for Enhancing Your Productivity,57.53,analytical,friendly
Join Our Webinar: Advanced Data Analytics Techniques,34.04,analytical,informative
Special Invitation: VIP Event Just for You,44.31,tentative,friendly
Your Weekly Newsletter: Top Industry Insights,46.7,confident,friendly
Unlock Your Potential with Our Latest Course!,49.53,analytical,friendly
Your Weekly Newsletter: Top Industry Insights,35.77,confident,informative
Tips for Enhancing Your Productivity,33.66,tentative,persuasive
Tips for Enhancing Your Productivity,35.77,analytical,friendly
Can We Improve Your Experience?,44.9,tentative,persuasive
Special Invitation: VIP Event Just for You,42.92,tentative,persuasive
Tips for Enhancing Your Productivity,33.41,tentative,informative
Can We Improve Your Experience?,48.4,confident,friendly
Unlock Your Potential with Our Latest Course!,29.27,tentative,friendly
Your Weekly Newsletter: Top Industry Insights,54.44,analytical,informative
Your Weekly Newsletter: Top Industry Insights,49.42,confident,friendly
Special Invitation: VIP Event Just for You,33.77,confident,friendly
Your Weekly Newsletter: Top Industry Insights,24.38,analytical,persuasive
Your Weekly Newsletter: Top Industry Insights,22.75,analytical,informative
Unlock Your Potential with Our Latest Course!,47.03,confident,informative
Important Update Regarding Your Account,39.09,confident,friendly
Join Our Webinar: Advanced Data Analytics Techniques,21.35,confident,informative
Last Chance to Save 50% on Your Favorite Items!,55.38,confident,persuasive
Special Invitation: VIP Event Just for You,21.26,confident,persuasive
Unlock Your Potential with Our Latest Course!,49.92,confident,persuasive
Explore New Career Opportunities Today,27.98,analytical,informative
Unlock Your Potential with Our Latest Course!,37.25,tentative,informative
Last Chance to Save 50% on Your Favorite Items!,47.56,analytical,persuasive
Join Our Webinar: Advanced Data Analytics Techniques,29.48,analytical,informative
Discover the Benefits of Our Premium Plan,26.53,analytical,informative
Important Update Regarding Your Account,36.82,tentative,informative
Can We Improve Your Experience?,44.83,tentative,friendly
Can We Improve Your Experience?,48.52,confident,persuasive
Can We Improve Your Experience?,36.9,tentative,friendly
Can We Improve Your Experience?,51.69,confident,friendly
Important Update Regarding Your Account,29.92,analytical,persuasive
Important Update Regarding Your Account,50.62,analytical,persuasive
Last Chance to Save 50% on Your Favorite Items!,29.77,confident,informative
Tips for Enhancing Your Productivity,41.56,analytical,informative
Can We Improve Your Experience?,20.26,confident,persuasive
Can We Improve Your Experience?,49.18,analytical,persuasive
Discover the Benefits of Our Premium Plan,45.28,confident,friendly
Unlock Your Potential with Our Latest Course!,33.7,analytical,informative
Last Chance to Save 50% on Your Favorite Items!,56.2,tentative,persuasive
Your Weekly Newsletter: Top Industry Insights,59.94,tentative,informative
Discover the Benefits of Our Premium Plan,56.75,analytical,informative
Your Weekly Newsletter: Top Industry Insights,52.57,tentative,persuasive
Tips for Enhancing Your Productivity,49.82,tentative,friendly
Important Update Regarding Your Account,26.7,confident,informative
Explore New Career Opportunities Today,44.25,confident,persuasive
Important Update Regarding Your Account,53.81,analytical,friendly
Discover the Benefits of Our Premium Plan,36.14,analytical,friendly
Tips for Enhancing Your Productivity,50.9,confident,persuasive
Special Invitation: VIP Event Just for You,41.34,tentative,informative
Unlock Your Potential with Our Latest Course!,26.7,analytical,friendly
Explore New Career Opportunities Today,27.76,analytical,friendly
Discover the Benefits of Our Premium Plan,49.33,confident,friendly
Explore New Career Opportunities Today,49.48,confident,persuasive
Tips for Enhancing Your Productivity,21.53,confident,friendly
Your Weekly Newsletter: Top Industry Insights,55.88,tentative,informative
Can We Improve Your Experience?,29.06,tentative,persuasive
Special Invitation: VIP Event Just for You,40.87,tentative,persuasive
Can We Improve Your Experience?,39.5,tentative,informative
Unlock Your Potential with Our Latest Course!,30.8,tentative,persuasive
Can We Improve Your Experience?,24.26,confident,informative
Special Invitation: VIP Event Just for You,22.27,analytical,friendly
Special Invitation: VIP Event Just for You,53.68,tentative,persuasive
Important Update Regarding Your Account,24.79,analytical,persuasive
Can We Improve Your Experience?,57.44,confident,persuasive
Special Invitation: VIP Event Just for You,53.74,tentative,friendly
Explore New Career Opportunities Today,53.01,confident,informative
Last Chance to Save 50% on Your Favorite Items!,25.44,analytical,informative
Important Update Regarding Your Account,38.15,analytical,persuasive
Can We Improve Your Experience?,30.57,confident,persuasive
Your Weekly Newsletter: Top Industry Insights,21.64,confident,informative
Your Weekly Newsletter: Top Industry Insights,21.65,confident,persuasive
Tips for Enhancing Your Productivity,28.74,confident,informative
Tips for Enhancing Your Productivity,23.21,analytical,informative
Can We Improve Your Experience?,57.73,analytical,persuasive
Your Weekly Newsletter: Top Industry Insights,50.55,analytical,informative
Discover the Benefits of Our Premium Plan,42.2,confident,informative
Special Invitation: VIP Event Just for You,50.6,tentative,friendly
Join Our Webinar: Advanced Data Analytics Techniques,52.07,analytical,persuasive
Explore New Career Opportunities Today,21.21,confident,informative
Important Update Regarding Your Account,54.71,confident,informative
Your Weekly Newsletter: Top Industry Insights,36.41,tentative,informative
Last Chance to Save 50% on Your Favorite Items!,30.3,confident,informative
Explore New Career Opportunities Today,26.9,analytical,persuasive
Last Chance to Save 50% on Your Favorite Items!,28.94,analytical,informative
Your Weekly Newsletter: Top Industry Insights,48.47,confident,friendly
Important Update Regarding Your Account,21.04,analytical,informative
Discover the Benefits of Our Premium Plan,46.72,confident,persuasive
Tips for Enhancing Your Productivity,52.97,tentative,persuasive
Unlock Your Potential with Our Latest Course!,53.38,confident,friendly
Special Invitation: VIP Event Just for You,24.59,analytical,persuasive
Can We Improve Your Experience?,38.94,confident,friendly
Discover the Benefits of Our Premium Plan,40.28,tentative,informative
Tips for Enhancing Your Productivity,31.78,confident,informative
Your Weekly Newsletter: Top Industry Insights,53.94,confident,persuasive
Last Chance to Save 50% on Your Favorite Items!,31.34,confident,persuasive
Discover the Benefits of Our Premium Plan,22.87,analytical,informative
Special Invitation: VIP Event Just for You,52.49,tentative,persuasive
Tips for Enhancing Your Productivity,23.49,tentative,friendly
Unlock Your Potential with Our Latest Course!,42.27,analytical,friendly
Important Update Regarding Your Account,57.15,tentative,informative
Join Our Webinar: Advanced Data Analytics Techniques,41.54,confident,persuasive
Your Weekly Newsletter: Top Industry Insights,33.58,analytical,informative
Last Chance to Save 50% on Your Favorite Items!,46.46,analytical,persuasive
Discover the Benefits of Our Premium Plan,31.6,analytical,friendly
Last Chance to Save 50% on Your Favorite Items!,42.79,tentative,persuasive
Join Our Webinar: Advanced Data Analytics Techniques,37.13,tentative,persuasive
Tips for Enhancing Your Productivity,57.61,confident,friendly
Discover the Benefits of Our Premium Plan,52.99,confident,informative
Important Update Regarding Your Account,41.95,confident,informative
Tips for Enhancing Your Productivity,58.66,tentative,friendly
Important Update Regarding Your Account,39.37,confident,friendly
Tips for Enhancing Your Productivity,35.32,confident,informative
Can We Improve Your Experience?,46.12,analytical,persuasive
Last Chance to Save 50% on Your Favorite Items!,45.26,analytical,friendly
Explore New Career Opportunities Today,30.73,analytical,informative
Last Chance to Save 50% on Your Favorite Items!,59.41,confident,friendly
Last Chance to Save 50% on Your Favorite Items!,34.93,analytical,informative
Unlock Your Potential with Our Latest Course!,44.97,confident,friendly
Unlock Your Potential with Our Latest Course!,43.62,confident,friendly
Join Our Webinar: Advanced Data Analytics Techniques,35.52,tentative,persuasive
Last Chance to Save 50% on Your Favorite Items!,41.22,analytical,friendly
Important Update Regarding Your Account,43.1,confident,friendly
Last Chance to Save 50% on Your Favorite Items!,48.01,tentative,persuasive
Unlock Your Potential with Our Latest Course!,23.33,analytical,informative
Unlock Your Potential with Our Latest Course!,45.54,tentative,informative
Your Weekly Newsletter: Top Industry Insights,24.83,tentative,persuasive
Join Our Webinar: Advanced Data Analytics Techniques,46.01,tentative,informative
Important Update Regarding Your Account,44.4,confident,informative
Important Update Regarding Your Account,32.29,analytical,persuasive
Special Invitation: VIP Event Just for You,58.49,tentative,informative
Discover the Benefits of Our Premium Plan,24.06,analytical,informative
Unlock Your Potential with Our Latest Course!,33.71,analytical,informative
Last Chance to Save 50% on Your Favorite Items!,44.73,analytical,informative
Tips for Enhancing Your Productivity,45.99,confident,friendly
Unlock Your Potential with Our Latest Course!,21.64,analytical,friendly
Last Chance to Save 50% on Your Favorite Items!,30.14,analytical,friendly
Your Weekly Newsletter: Top Industry Insights,44.13,tentative,informative
Join Our Webinar: Advanced Data Analytics Techniques,23.02,confident,friendly
Your Weekly Newsletter: Top Industry Insights,27.62,confident,friendly
Discover the Benefits of Our Premium Plan,32.2,analytical,informative
Discover the Benefits of Our Premium Plan,27.01,confident,friendly
Last Chance to Save 50% on Your Favorite Items!,34.43,confident,informative
Can We Improve Your Experience?,46.16,confident,informative
Join Our Webinar: Advanced Data Analytics Techniques,46.85,analytical,friendly
Discover the Benefits of Our Premium Plan,44.99,tentative,informative
Unlock Your Potential with Our Latest Course!,54.17,analytical,friendly
Important Update Regarding Your Account,32.88,confident,informative
Your Weekly Newsletter: Top Industry Insights,44.7,confident,informative
Special Invitation: VIP Event Just for You,40.84,confident,friendly
Discover the Benefits of Our Premium Plan,49.0,confident,persuasive
Your Weekly Newsletter: Top Industry Insights,34.63,tentative,informative
Special Invitation: VIP Event Just for You,45.13,analytical,friendly
Your Weekly Newsletter: Top Industry Insights,21.08,tentative,friendly
Last Chance to Save 50% on Your Favorite Items!,32.96,confident,persuasive
Important Update Regarding Your Account,44.61,tentative,informative
Special Invitation: VIP Event Just for You,30.33,confident,informative
Special Invitation: VIP Event Just for You,32.73,confident,informative
Tips for Enhancing Your Productivity,41.72,confident,persuasive
